group,model,size,wmape,mae,coverage,short,n
beach_cleanup_id,mean_last5,6,0.39124087591240875,8.933333333333334,0.5833333333333334,0.0,12
beach_cleanup_id,mean_last5,8,0.39124087591240875,8.933333333333334,0.9166666666666666,0.0,12
beach_cleanup_id,mean_last5,12,0.39124087591240875,8.933333333333334,0.8333333333333334,0.0,12
beach_cleanup_id,mean_last5,16,0.39124087591240875,8.933333333333334,0.9166666666666666,0.0,12
beach_cleanup_id,mean_last5,24,0.39124087591240875,8.933333333333334,0.9166666666666666,0.0,12
beach_cleanup_id,mean_last5,40,0.39124087591240875,8.933333333333334,0.8333333333333334,0.0,12
beach_cleanup_id,same_weekday,6,0.35675182481751827,8.145833333333334,0.75,0.0,12
beach_cleanup_id,same_weekday,8,0.36405109489051096,8.3125,0.9166666666666666,0.0,12
beach_cleanup_id,same_weekday,12,0.36313868613138683,8.291666666666666,1.0,0.0,12
beach_cleanup_id,same_weekday,16,0.36313868613138683,8.291666666666666,0.9166666666666666,0.0,12
beach_cleanup_id,same_weekday,24,0.36313868613138683,8.291666666666666,0.9166666666666666,0.0,12
beach_cleanup_id,same_weekday,40,0.36496350364963503,8.333333333333334,0.8333333333333334,0.0,12
beach_cleanup_id,effects,6,0.32439534417389815,7.407027025304008,0.75,0.08333333333333333,12
beach_cleanup_id,effects,8,0.35067941418200577,8.007179957155799,0.9166666666666666,0.0,12
beach_cleanup_id,effects,12,0.37376349319480917,8.534266427948143,0.75,0.08333333333333333,12
beach_cleanup_id,effects,16,0.34949163886509665,7.980059087419707,0.75,0.08333333333333333,12
beach_cleanup_id,effects,24,0.3135302571235359,7.158940870987403,0.8333333333333334,0.0,12
beach_cleanup_id,effects,40,0.31489823592651894,7.190176386988849,0.8333333333333334,0.0,12
beach_cleanup_id,gbr,6,0.5617275940365066,12.826113397166901,0.6666666666666666,0.16666666666666666,12
beach_cleanup_id,gbr,8,0.5721111552947611,13.063204712563712,0.5,0.3333333333333333,12
beach_cleanup_id,gbr,12,0.48926426720868105,11.171534101264884,0.75,0.08333333333333333,12
beach_cleanup_id,gbr,16,0.3749855242761611,8.562169470972345,0.8333333333333334,0.0,12
beach_cleanup_id,gbr,24,0.4535067161680221,10.355070019169837,0.75,0.08333333333333333,12
beach_cleanup_id,gbr,40,0.3229006936910423,7.372899172612133,0.75,0.0,12
run_club_ke,mean_last5,6,0.522248243559719,37.166666666666664,0.6666666666666666,0.25,12
run_club_ke,mean_last5,8,0.522248243559719,37.166666666666664,0.6666666666666666,0.25,12
run_club_ke,mean_last5,12,0.522248243559719,37.166666666666664,0.6666666666666666,0.25,12
run_club_ke,mean_last5,16,0.522248243559719,37.166666666666664,0.6666666666666666,0.25,12
run_club_ke,mean_last5,24,0.522248243559719,37.166666666666664,0.75,0.16666666666666666,12
run_club_ke,mean_last5,40,0.522248243559719,37.166666666666664,0.75,0.16666666666666666,12
run_club_ke,same_weekday,6,0.47160421545667447,33.5625,0.75,0.25,12
run_club_ke,same_weekday,8,0.47160421545667447,33.5625,0.75,0.25,12
run_club_ke,same_weekday,12,0.47160421545667447,33.5625,0.75,0.25,12
run_club_ke,same_weekday,16,0.47160421545667447,33.5625,0.75,0.25,12
run_club_ke,same_weekday,24,0.47160421545667447,33.5625,0.75,0.25,12
run_club_ke,same_weekday,40,0.47160421545667447,33.5625,0.75,0.25,12
run_club_ke,effects,6,0.5547449398364324,39.47934821835943,0.5,0.4166666666666667,12
run_club_ke,effects,8,0.5936294928279077,42.2466322395861,0.6666666666666666,0.3333333333333333,12
run_club_ke,effects,12,0.5701353654198439,40.57463350571222,0.6666666666666666,0.3333333333333333,12
run_club_ke,effects,16,0.5319603135657373,37.85784231542831,0.5833333333333334,0.3333333333333333,12
run_club_ke,effects,24,0.5480358509092775,39.00188472304359,0.75,0.16666666666666666,12
run_club_ke,effects,40,0.5309242059834682,37.78410599249016,0.75,0.16666666666666666,12
run_club_ke,gbr,6,0.4729305312288924,33.65688947245618,0.75,0.25,12
run_club_ke,gbr,8,0.4814163921442638,34.26079990760011,0.5833333333333334,0.3333333333333333,12
run_club_ke,gbr,12,0.5020918621115364,35.73220418693768,0.5833333333333334,0.25,12
run_club_ke,gbr,16,0.7543767711651633,53.686480214587455,0.5833333333333334,0.3333333333333333,12
run_club_ke,gbr,24,0.7215410152716948,51.349668920168945,0.6666666666666666,0.16666666666666666,12
run_club_ke,gbr,40,0.6950861622643002,49.46696521447603,0.5833333333333334,0.16666666666666666,12
hiking_club_mx,mean_last5,6,0.5486486486486486,10.15,0.5,0.16666666666666666,12
hiking_club_mx,mean_last5,8,0.5486486486486486,10.15,0.6666666666666666,0.08333333333333333,12
hiking_club_mx,mean_last5,12,0.5486486486486486,10.15,0.6666666666666666,0.08333333333333333,12
hiking_club_mx,mean_last5,16,0.5486486486486486,10.15,0.75,0.08333333333333333,12
hiking_club_mx,mean_last5,24,0.5486486486486486,10.15,0.75,0.08333333333333333,12
hiking_club_mx,mean_last5,40,0.5486486486486486,10.15,0.75,0.08333333333333333,12
hiking_club_mx,same_weekday,6,0.6,11.1,0.5,0.16666666666666666,12
hiking_club_mx,same_weekday,8,0.5977477477477477,11.058333333333332,0.5833333333333334,0.16666666666666666,12
hiking_club_mx,same_weekday,12,0.5714714714714715,10.572222222222223,0.6666666666666666,0.16666666666666666,12
hiking_club_mx,same_weekday,16,0.5714714714714715,10.572222222222223,0.75,0.16666666666666666,12
hiking_club_mx,same_weekday,24,0.5885885885885885,10.888888888888888,0.75,0.16666666666666666,12
hiking_club_mx,same_weekday,40,0.6013513513513513,11.125,0.75,0.16666666666666666,12
hiking_club_mx,effects,6,0.4956450745246173,9.169433878705421,0.75,0.16666666666666666,12
hiking_club_mx,effects,8,0.5363844756727784,9.9231127999464,0.6666666666666666,0.16666666666666666,12
hiking_club_mx,effects,12,0.4108085150578617,7.5999575285704415,0.8333333333333334,0.08333333333333333,12
hiking_club_mx,effects,16,0.45692610872837536,8.453133011474945,0.75,0.08333333333333333,12
hiking_club_mx,effects,24,0.458423075477518,8.480826896334083,0.8333333333333334,0.16666666666666666,12
hiking_club_mx,effects,40,0.4821539717235849,8.91984847688632,0.8333333333333334,0.16666666666666666,12
hiking_club_mx,gbr,6,0.564727011739192,10.447449717175052,0.5,0.08333333333333333,12
hiking_club_mx,gbr,8,0.49318726029868615,9.123964315525694,0.5833333333333334,0.08333333333333333,12
hiking_club_mx,gbr,12,0.5281494457948036,9.770764747203867,0.6666666666666666,0.08333333333333333,12
hiking_club_mx,gbr,16,0.4670570624790307,8.640555655862068,0.75,0.08333333333333333,12
hiking_club_mx,gbr,24,0.5666567266990774,10.483149443932932,0.8333333333333334,0.08333333333333333,12
hiking_club_mx,gbr,40,0.4562864853184535,8.44129997839139,0.8333333333333334,0.08333333333333333,12
garden_group_in,mean_last5,6,0.3471502590673575,5.583333333333333,0.5833333333333334,0.25,12
garden_group_in,mean_last5,8,0.3471502590673575,5.583333333333333,0.6666666666666666,0.25,12
garden_group_in,mean_last5,12,0.3471502590673575,5.583333333333333,0.75,0.25,12
garden_group_in,mean_last5,16,0.3471502590673575,5.583333333333333,0.6666666666666666,0.25,12
garden_group_in,mean_last5,24,0.3471502590673575,5.583333333333333,0.6666666666666666,0.25,12
garden_group_in,mean_last5,40,0.3471502590673575,5.583333333333333,0.75,0.16666666666666666,12
garden_group_in,same_weekday,6,0.44689119170984454,7.1875,0.4166666666666667,0.25,12
garden_group_in,same_weekday,8,0.44689119170984454,7.1875,0.5833333333333334,0.25,12
garden_group_in,same_weekday,12,0.39248704663212436,6.3125,0.5833333333333334,0.25,12
garden_group_in,same_weekday,16,0.39248704663212436,6.3125,0.75,0.16666666666666666,12
garden_group_in,same_weekday,24,0.39248704663212436,6.3125,0.75,0.16666666666666666,12
garden_group_in,same_weekday,40,0.39248704663212436,6.3125,0.8333333333333334,0.08333333333333333,12
garden_group_in,effects,6,0.40097305766284647,6.4489833440774476,0.5,0.25,12
garden_group_in,effects,8,0.4544579793893414,7.309199168511907,0.5833333333333334,0.25,12
garden_group_in,effects,12,0.4193406002913918,6.744394654686552,0.75,0.08333333333333333,12
garden_group_in,effects,16,0.4076460631210231,6.556307515196455,0.6666666666666666,0.16666666666666666,12
garden_group_in,effects,24,0.39272192212975043,6.316277580920153,0.6666666666666666,0.16666666666666666,12
garden_group_in,effects,40,0.351837802708029,5.658724660220799,0.75,0.16666666666666666,12
garden_group_in,gbr,6,0.473295575574813,7.612170507161576,0.4166666666666667,0.3333333333333333,12
garden_group_in,gbr,8,0.42434276341015487,6.824846111513324,0.4166666666666667,0.3333333333333333,12
garden_group_in,gbr,12,0.44229189776816835,7.11352802243804,0.75,0.16666666666666666,12
garden_group_in,gbr,16,0.4000032471644161,6.433385558561025,0.75,0.16666666666666666,12
garden_group_in,gbr,24,0.44100402337316547,7.092814709251744,0.5833333333333334,0.25,12
garden_group_in,gbr,40,0.410138457633786,6.596393526943391,0.5,0.3333333333333333,12
